.ch,.comp
af,-98.35077397085135
dr,-22.051233450367768
h42,23.343558337985304
mto,83.05146576961943
sox,36.98071710730873
fsc,-98.35077397085135
ssc,-98.35077397085135
